,qrt_times,qrs_values
0,0.05,1.3439999999999999
1,0.21388888888888888,1.3439999999999999
2,1.0277777777777777,1.3439999999999999
3,1.8388888888888888,1.3439999999999999
4,2.6277777777777778,1.3439999999999999
5,3.4194444444444443,1.3439999999999999
6,4.208333333333333,1.3439999999999999
7,5.025,1.3439999999999999
