,qrt_times,qrs_values
0,0.019444444444444445,1.631
1,0.23055555555555557,1.631
2,1.1,1.631
3,1.975,1.631
4,2.8666666666666667,1.631
5,3.8,1.631
6,4.7555555555555555,1.631
