,qrt_times,qrs_values
0,0.18888888888888888,1.309
1,0.37777777777777777,1.309
2,1.1388888888888888,1.309
3,1.9361111111111111,1.309
4,2.7472222222222222,1.309
5,3.625,1.309
6,4.483333333333333,1.309
7,5.308333333333334,1.309
