,qrt_times,qrs_values
0,0.058333333333333334,2.625
1,0.7361111111111112,2.625
2,1.5972222222222223,2.625
3,2.433333333333333,2.625
4,3.2777777777777777,2.625
5,4.116666666666666,2.625
6,4.986111111111111,2.625
